material_id,formula_pretty,volume,density,formation_energy_per_atom,energy_above_hull,band_gap,total_magnetization
mp-1180064,O2,159.2695518855733,1.668092140948953,0.38701357200000003,0.38701357199999903,0.042300000000000004,3.9993086
mp-1244913,C,1190.3531919217505,1.675488983473779,0.9942529476999991,0.9942529476999981,0.10600000000000001,2.0000505
mp-1245006,Ti,1744.3182239748066,4.556796025430404,0.141383983866667,0.141383983866665,0.0,0.0038697999999990004
mp-1244933,Si,1793.7649376717561,2.599954373928591,0.34929145859999905,0.34929145859999905,0.0,1e-07
mp-1094120,Nb,226.83961495276392,8.161255619756384,0.18974828500000201,0.18974828500000002,0.0,0.0001198
mp-1244990,Si,1750.9728471941326,2.6634947554856963,0.36627406769999904,0.36627406770000004,0.0,6e-06
mp-1244953,Al,1768.8252505357063,2.532974864040623,0.09572362819999901,0.09572362820000001,0.0,0.0
mp-1120447,Si,163.06526777122875,2.288019789495501,0.37250966749999903,0.37250966749999903,0.0,0.0
mp-1180008,O2,199.45006150558925,1.59845298088519,0.419853780833333,0.419853780833332,1.277299999999999,0.0
mp-1244964,C,1126.924922787448,1.769792839947614,0.9345966746000001,0.9345966745999991,0.0724,2.0008597
mp-1244987,Zn,1613.043594907879,6.7334943798243945,0.058374756800000004,0.058374756800001,0.0,0.0
mp-1179802,Rb,744.4945979508938,1.525035869723976,0.053649282500000006,0.053649282500000006,0.0,0.005090499999999
mp-1244924,Ti,1762.7067218166078,4.509259680988034,0.183286863166667,0.183286863166667,0.0,1.9910987
mp-1197903,C,1547.5694249833693,1.030996672490697,1.4104997176249991,1.4104997176249991,0.07970000000000001,0.0054643
mp-1244971,Si,1921.0737732472721,2.427656376577443,0.31675151759999903,0.31675151760000003,0.0030999999999990003,0.0
mp-1245190,C,1118.1801735623271,1.783633538371421,1.014946403599999,1.014946403599999,0.0,4.1176063
mp-1245266,Zn,1623.3545311604494,6.690725760909228,0.052315974800000005,0.052315974800000005,0.0,2e-07
mp-1245067,Al,1791.9988140970795,2.500219231866401,0.11430868649999901,0.1143086865,0.0,0.0
mp-1245041,Si,1918.192245426189,2.431303226576872,0.310314400899999,0.310314400899999,0.027599999999999004,0.0
mp-1245170,Ti,1758.642328592391,4.519681018059063,0.169614288666666,0.169614288666666,0.0,0.0044246
mp-1245242,Si,1915.2205726555178,2.435075657647642,0.31691021609999803,0.31691021610000003,0.0,1e-07
mp-1245129,Al,1756.6112751564451,2.550587009119748,0.094750410799999,0.0947504108,0.0,4e-07
mp-1245152,Al,1756.5750181076785,2.550639655181896,0.102081550799999,0.1020815508,0.0,0.0
mp-1245164,Ti,1751.2770859316715,4.538689173715564,0.138331885266666,0.138331885266666,0.006299999999999001,0.0006441999999990001
mp-1245108,Fe,1164.1687065719714,7.965581258140822,0.279455497300001,0.2794554973,0.0,205.3566831
mp-1245093,Zn,1614.9202840891055,6.725669426370674,0.055068915200000006,0.055068915200001005,0.0,0.0
mp-1245184,Zn,1602.1487816925169,6.7792829884687045,0.0488518927,0.0488518927,0.0,0.0
mp-1245307,Al,1766.7561326742637,2.535941330909958,0.10754954109999901,0.1075495411,0.0,0.0
mp-656615,Rb,719.9109333297395,1.577113104032839,0.022942533749999,0.022942533749999,0.0,0.0006242
mp-644693,Si,174.10767849877462,2.142906980650944,0.41511927999999904,0.41511927999999904,0.0,0.0010976
mp-640416,Rb,756.9258424297436,1.499989699184075,0.05672780374999901,0.05672780374999901,0.0,0.0140471
mp-988210,Si,174.1076902939462,2.142906835476681,1.9596229937499992,1.9596229937499992,0.0,0.0020746
mp-1403870,Si,174.1076902939462,2.142906835476681,1.250752009999999,1.250752009999999,0.0,6e-07
mp-1245320,Ti,1754.0009091121908,4.53164095229429,0.155102003566667,0.155102003566666,0.0,0.0153928
mp-632401,B,94.79220891717327,2.272602955970606,0.29153570833333303,0.29153570833333303,0.0,0.0
mp-676011,Si,159.13142937906494,2.344581212497035,0.44703532249999905,0.44703532249999905,0.0,0.000112899999999
mp-1056079,Cu,563.0816222753278,0.187398436304439,1.982934489999999,1.982934489999999,0.0,0.11089979999999901
mp-1191581,W,452.1510274837573,16.878956556983074,1.181116915599996,1.1811169156,0.0,0.0003679
mp-1056831,O2,21.65067829102824,1.227103761931002,1.311098234999999,1.311098234999999,0.0,0.001453399999999
mp-1178801,W,350.4707835877894,17.420767510412237,1.198139206500002,1.198139206500002,0.0,0.0
mp-1182029,C,115.84184934146725,1.377342416990445,1.002409142499999,1.002409142499999,0.0,0.0
mp-43,U,576.770100041064,20.55877917425372,0.08967122466668401,0.089671224666673,0.0,0.000103399999999
mp-567409,Sb,127.39779174731557,6.348217939294897,0.12089456250000101,0.12089456250000101,0.0,0.0008246999999990001
mp-1182070,Bi,141.83413575334302,9.786645986041476,0.058095357499993006,0.058095357499993006,0.0,6.7999999999999976e-06
mp-1179605,Sb,59.808114290190886,6.761197511367673,0.050482344999998006,0.050482344999998006,0.0,0.000295499999999
mp-2647017,C,238.52255326536243,1.672314531438791,0.177572003999999,0.177572003999999,0.244099999999999,0.0
mp-1067758,Bi,140.26823971980178,9.895900013623397,0.08585941499999401,0.08585941499999401,0.0,0.0001712
mp-567379,Bi,140.0493228830796,9.911368700532435,0.062386567499999004,0.062386567499999004,0.0,2.4900000000000006e-05
mp-632286,Sb,60.56536266637659,6.676662298315999,0.05888531,0.05888531,0.0,0.0003521
mp-613989,Pu,267.0152153556446,24.27855846106695,0.008192166249997001,0.008192166249997001,0.0,1.8570459
mp-42,Ta,554.6545628565603,16.251792226010433,7.669666661058728e-06,7.669666665321984e-06,0.0,1e-07
mp-1180307,Mo,264.9691403612464,9.61996512242326,0.39894528437499904,0.39894528437499904,0.0,7.060000000000002e-05
mp-1182248,Bi,753.5427341232094,0.9210363344351181,1.077316884999994,1.077316884999994,1.5046,0.0
mp-1524462,O2,117.80778434663212,1.804134008741377,0.0,0.0,2.7061,0.0
mp-1079297,Si,167.23079840226276,2.231027796342244,0.08220610625000001,0.08220610625000001,0.2735,0.0
mp-611836,O2,34.575622594221905,1.536783825475841,0.009970109999999002,0.009970109999999002,1.314299999999999,2.0000002
mp-1104341,Nb,126.49397324848934,8.537345194804299,0.023213351428572,0.023213351428573,0.0,0.0433282
mp-1059528,Pr,72.07220597170299,6.493006685536052,0.009701464999999,0.009701464999999,0.0,4e-07
mp-3347313,C,18.32977894194205,2.1761568056275022,0.0,0.0,1.376199999999999,0.0
mp-567332,Ce,50.80323465993319,9.15957786598274,0.0038607150000010003,0.0038607150000010003,0.0,1.4e-06
mp-632329,C,19.66763956116844,2.028127120496463,0.0141120575,0.0141120575,0.0,7.9e-06
mp-23157,Bi,68.05165021785976,10.198727517336696,0.050300225000000004,0.050300225000000004,0.0,0.0003114
mp-570459,Te,98.08863185941233,6.480408000853202,0.07254629999999901,0.07254629999999901,0.0,0.0
mp-1182425,B,121.21800062347896,1.777170495141998,0.482333581666666,0.482333581666666,0.0,0.0003072
mp-1080826,C,46.956268326840615,3.397925313187996,0.300915499999998,0.300915499999998,3.4876,0.0
mp-1009490,O2,37.02156088071,1.435251682925213,0.0017175900000000002,0.0017175900000000002,1.426,1.999999799999999
mp-542606,Pu,378.73588436104075,18.186594755543936,0.7908879723529341,0.7908879723529331,0.0,29.4777296
mp-2204849,O2,117.61951709240674,1.807021789311107,0.0035132812500000003,0.0035132812500000003,2.720399999999999,5e-07
mp-1238808,Au,39.097581250691825,16.730993180447804,0.11838149999999802,0.11838149999999802,0.0,0.0001991
mp-1096915,Cs,115.61619281972685,1.908856274035875,0.042207972068965004,0.042207972068965004,0.0,7.340000000000001e-05
mp-1179990,P,350.91536976893644,0.29313701405804504,0.8763179616666661,0.8763179616666661,3.0938,0.0005369
mp-12957,O2,107.6438082346079,1.974484493998944,0.0,0.0,1.0933,8.599999999999999e-06
mp-1947043,Bi,139.2302754774957,9.969674128659443,0.071962377499993,0.071962377499993,0.08079999999999901,0.0
mp-12883,P,231.3047215288384,1.778887746021492,0.15457059702380901,0.15457059702380901,3.5354,0.0
mp-2206907,O2,146.3782193267568,1.45199901468796,0.027979431250000002,0.027979431250000002,2.285,8.0000008
mp-569360,Hg,82.94783134025677,12.046880285620118,0.006275719166666,0.006275719166666,0.09670000000000001,0.0
mp-1974574,Hg,54.39505389904075,12.246978631090867,0.011028022499999,0.011028022499999,0.0,0.0
mp-561367,F2,54.10010077431026,2.332534709924163,0.00299408,0.00299408,2.3942,0.0
mp-1096992,Hg,139.33274467421336,9.562361874033742,0.028226317499999,0.028226317499999,0.0,0.0001239
mp-1096977,H2,6.883634324939212,0.24314536044765903,0.40012652125000003,0.40012652125000003,0.0,0.0
mp-1180991,K,429.60645839273775,0.7556247505047311,0.118525908249999,0.118525908249999,0.0,0.1908127
mp-1065697,O2,8.547012282033565,3.108411208806346,1.579331004999999,1.579331004999999,0.0,0.0024843
mp-1056059,O2,9.625427191375111,2.7601506147264443,1.557554774999999,1.557554774999999,0.0,1e-07
mp-1227541,Ca,292.3682938336179,0.22762757182572202,0.9729114900000011,0.9729114900000011,0.0,0.0005871
mp-1056027,K,439.3724822271241,0.147765864303913,0.496229587,0.496229587,0.0,7e-07
mp-1977763,Ba,57.678482980244524,3.953586096865328,0.35921323999999905,0.35921323999999905,0.0,0.0017833999999990002
mp-1179325,Sr,55.25348216121829,2.6332536398513913,0.39972050333333403,0.39972050333333403,0.0,0.0020406
mp-1182332,As,258.65185324450476,0.9619899658292641,1.090449800000001,1.090449800000001,0.0,0.3295625
mp-1076923,Ta,1225.9721677201737,0.9803518600824571,5.146382562500001,5.146382562500001,0.0,5.2043816
mp-7098,Np,72.44647034556091,21.729023203312718,0.09617646374999801,0.09617646374999801,0.0,7e-07
mp-723897,P,626.3359999999999,0.328469970370986,3.518999916666667,3.518999916666667,2.1942,11.999938
mp-1064244,Sc,101.01365804384275,2.956077409580834,0.11248714000000001,0.11248714000000001,0.0,0.0881651
mp-568348,P,1935.1232668474006,2.2326143190074212,0.0,0.0,1.8454000000000002,0.0
mp-1180036,O2,48.25607909817761,2.20222026122151,0.029974092499999,0.029974092499999,0.46429999999999905,0.0
mp-1190217,Mo,277.87163112452805,9.173278605225205,0.47885933499999905,0.47885933499999905,0.0,0.0005094
mp-729184,B,688.8523162487112,1.042434636601031,1.498615078583334,1.498615078583333,0.5081,0.0007432
mp-96,S,899.2042490263103,1.8948374962445031,0.0009478456250010001,0.0009478456250010001,2.748,0.0
mp-570602,B,374.02207560955304,2.399870090522816,0.22346854563333401,0.22346854563333302,0.0,4.1e-06
mp-22046,B,385.31959825428464,2.3295061982761442,0.09513511709999901,0.09513511709999901,0.0,2e-07
mp-570316,B,369.7995254938406,2.33018205094197,0.15526669916666602,0.15526669916666602,0.0,1.6e-06
mp-672241,Cs,990.2966648448793,1.7828572215066232,0.027480051250002004,0.027480051250002004,0.0,0.1240621
mp-1008501,Be,32.02601197075165,1.869115680088605,0.050546004999999006,0.050546004999999006,0.0,5.7e-06
mp-1064933,S,95.0964759701752,2.239628112470493,0.349663774375,0.349663774375,0.0,0.0
mp-1193227,Co,312.4360523107799,8.7701288408035,0.11920180928571401,0.11920180928571401,0.0,51.3479963
mp-569794,Ta,554.3708437019316,16.260109663343133,0.0,0.0,0.0,3.299999999999999e-06
mp-1192789,Cr,336.9481722982685,7.174882515651355,0.26357824500000304,0.26357824500000104,0.0,0.0587592
mp-1194030,Fe,339.7378821106226,7.642711211291973,0.17528872,0.175288720000001,0.0,66.5546786
mp-570747,N2,89.16749243446361,1.043370041777789,0.002401956249999,0.002401956249999,6.739,0.0
mp-93,U,608.672028769371,19.481245335079134,0.09751105433333501,0.09751105433332401,0.0,14.7854597
mp-697196,Ta,527.1351609664409,12.540166189192433,1.211237520000013,1.211237520000011,0.0,0.2761434
mp-1204046,Si,2445.0737122623686,2.021832466823777,0.178885465377357,0.178885465377357,0.15080000000000002,0.0
mp-570778,Cl2,1027.0432913796221,0.917135112372348,0.07299328437499901,0.07299328437499901,2.6476,0.0
mp-1095633,C,143.39979768854366,1.6689761282700162,0.998754169166666,0.998754169166666,2.5933,0.0
mp-1056366,Sc,25.253414510960692,2.956077409580833,0.10778921500000001,0.10778921500000001,0.0,0.002718399999999
mp-1238842,As,67.50334330336351,5.529070308698897,0.411891148333334,0.411891148333333,0.0,0.0001561
mp-1271128,Fe,21.77395584881966,8.517772787608946,0.099134600000001,0.099134600000001,0.0,0.0002904
mp-1008395,C,23.652961076240057,3.372810115535493,0.335081674999999,0.335081674999999,2.243399999999999,0.0
mp-1095534,C,124.72108814297599,1.9189284082140832,1.123357330833332,1.123357330833332,0.371799999999999,0.0
mp-10631,Sb,26.96186352719066,7.499008239742517,0.30193994,0.30193994,0.0,0.0
mp-1183455,Ca,86.19875997738622,1.544130909113659,0.013071680000001001,0.013071680000001001,0.0,0.3344764
mp-1010048,Br,28.996903544770106,4.575789044949155,0.20109457500000003,0.20109457500000003,0.0,1e-07
mp-1205417,C,456.3630321976748,0.874051366476088,1.168639081999999,1.168639082,4.1977,1.899999999999999e-06
mp-1949606,Cs,983.1042254716456,1.795900693546087,0.0,0.0,0.0,5.8600000000000015e-05
mp-632172,H2,31.263185576190356,0.10707314166998401,0.0006432450000000001,0.0006432450000000001,9.328899999999999,0.0001991
mp-1239196,Al,94.04193239433091,1.905698781135378,0.302125532499999,0.302125532499999,0.0,2e-07
mp-2739136,H2,35.11470666952428,0.095328932397423,0.0018788512499990002,0.0018788512499990002,10.5108,0.0
mp-55,Sn,27.353445542118358,7.206499535590866,0.22838304,0.22838304,0.0,0.0
mp-140,Ga,17.718394913398264,6.5343258182490995,0.12798925999999902,0.12798925999999902,0.0,0.0
mp-1183694,Cs,123.94828114669768,1.780538568202299,0.019629529999999,0.019629529999999,0.0,5e-07
mp-2739257,K,607.1084484990222,0.855521016031472,0.000127825,0.000127825,0.0,1.4200000000000001e-05
mp-1056351,Mg,22.644178710566422,1.782330131270344,0.037615175,0.037615175,0.0,0.0
mp-1525745,O2,21.11365299199015,2.516630238202509,0.28006160625000004,0.28006160625000004,0.0,0.0
mp-1010136,Cu,11.467885837555203,9.201400940058464,0.03556281,0.03556281,0.0,0.0
mp-1271068,Fe,45.741043013505404,8.109373830977775,0.017069855000000002,0.017069855000000002,0.0,8.8097568
mp-1524991,N2,15.8703244047317,2.931089747567761,3.098628081249999,3.098628081249999,0.0,0.0
mp-2739124,Cs,122.45436336950185,1.80226076859457,0.017216879999999,0.017216879999999,0.0,8e-07
mp-1055994,In,26.484932144895392,7.198801699993249,0.004489730000003,0.004489730000003,0.0,0.0
mp-568714,Bi,103.72248764857692,3.345659429363775,1.166589019999996,1.166589019999996,0.0,0.000103299999999
mp-1525568,Hg,27.65315849232062,12.045189393529622,0.0041815424999990004,0.0041815424999990004,0.0,0.0
mp-62,Pa,24.46037090317387,15.684312639614534,0.0,0.0,0.0,1.5100000000000001e-05
mp-1056579,Si,13.978871817111228,3.336254210293773,0.48407213000000104,0.48407213000000104,0.0,0.0
mp-569289,Hg,30.880879042713797,10.7862062769837,0.007561465000001001,0.007561465000001001,0.0,3.1e-06
mp-632291,H2,23.559554811080492,0.142084497143387,0.002950801249999,0.002950801249999,8.8499,0.0
mp-1179832,Rb,4410.570478838109,0.257422701244293,0.452524276249999,0.452524276249999,0.11029999999999901,0.0173883
mp-1181996,C,17.15336182787517,2.325402658115325,2.636820752499999,2.636820752499999,0.0,1e-07
mp-166,Ca,42.286603496274395,1.5738101266525022,0.02121779,0.02121779,0.0,0.0002139
mp-568938,Pr,36.32870964091476,6.440709288068943,0.11243127833333501,0.11243127833333501,0.0,0.0024903
mp-601148,I,44.6297471237438,4.721734801160363,0.119380204999999,0.119380204999999,0.0,3.76e-05
mp-623511,Sn,28.67322795238424,6.874795991697712,0.061407004999999,0.061407004999999,0.0,0.0007172999999990001
mp-639755,Rb,95.35172383207295,1.488411694436694,0.007387402500000001,0.007387402500000001,0.0,2.9100000000000003e-05
mp-999200,Si,85.03542034009838,2.193771478683577,0.11663319999999901,0.11663319999999901,0.439799999999999,0.0
mp-974920,Na,37.05414937154716,1.030260057844173,0.012510683448275,0.012510683448275,0.0,0.0070025
mp-850274,H2,34.55693570469039,0.09686760211786001,0.0017543562500000002,0.0017543562500000002,8.5338,0.0
mp-975519,Rb,95.68113921348974,1.4832873229037211,0.016627212499999003,0.016627212499999003,0.0,2.65e-05
mp-1180157,Os,725.979187719575,3.480919034404441,3.9035489425000023,3.9035489425000023,0.0,2.6228361
mp-583072,S,2928.126783960359,1.891140539338963,0.026070752379807,0.026070752379808004,2.4672,0.0
mp-1094073,S,116.54764629430657,1.8274134892596572,0.5708694668750001,0.5708694668750001,0.0,0.0
mp-556269,S,1964.8708235426507,1.951096882146262,0.031339838715278005,0.031339838715279004,2.3783,0.0
mp-1065250,S,134.76762632015075,1.5803553627465932,0.347627704375,0.347627704375,0.0097,0.00012749999999900002
mp-542605,Se,1056.161038096026,3.972611296022905,0.0018038528125000001,0.0018038528125000001,1.390199999999999,0.0
mp-542461,Se,1051.2788776342084,3.991060183575235,0.0035756384374990005,0.0035756384374990005,1.5703,0.0
mp-723638,C,719.6868630744448,1.330194290992207,1.041364663541666,1.041364663541665,1.876599999999999,0.0002899
mp-1077098,Hg,225.6113573581823,8.858264989926415,0.017943575000003,0.017943575000003,1.0394,0.0003742
mp-83,S,1494.2997364741343,1.9954031316039922,0.028929664687500002,0.028929664687501,2.5729,0.0
mp-1179643,S,157.41454155871742,1.3529927976840361,0.34840703437500004,0.34840703437500004,0.0,0.0127636
mp-557488,S,993.3686792517286,1.9296226153023,0.012285684965277,0.012285684965277,2.4187,1e-07
mp-1080694,Os,117.2557296017646,21.551823366732208,0.23444609375000103,0.23444609375000103,0.0,0.0
mp-1179962,Pu,151.66852944293663,21.371422732906005,0.00013866874999700002,0.00013866874999700002,0.0,0.0008874999999990001
mp-570481,Se,2135.296539085758,3.929868468906878,0.0,0.0,1.7696,0.0
mp-557559,S,746.6490425344975,1.9967415772703832,0.030134763973215004,0.030134763973215004,2.496299999999999,0.0
mp-567144,Sb,131.58360312171288,6.146274519088697,0.27059629500000004,0.27059629500000004,0.0,1e-07
mp-568087,Bi,163.60018004690514,8.484590145048406,0.214916299999998,0.214916299999998,0.0,0.0
mp-1102666,Pb,406.8619420926282,10.14782634610308,0.11592558166666801,0.11592558166666501,0.0,6.170000000000001e-05
mp-570384,Ba,261.9251292827098,3.4824737744479,0.1302275475,0.1302275475,0.0,0.0027841
mp-567308,Sc,103.22500331899548,2.8927506224412762,0.20573354000000002,0.20573354000000002,0.0,0.003411699999999
mp-1078640,K,791.8034122380009,0.6559633725663391,0.166350255749999,0.166350255749999,0.0,0.0004517
mp-1008498,Ca,184.8578506891327,1.440048871196534,0.179569497499999,0.179569497499999,0.0,1.16e-05
mp-567826,Sr,247.41716059082677,2.352244810635603,0.181785007499998,0.181785007499998,0.0,0.0558506
mp-1216274,W,68.84760055324989,17.736188308705483,0.804129780000003,0.804129780000003,0.0,0.0005166999999990001
mp-1525145,Bi,66.82103743263235,10.386552863337027,0.081740279999998,0.081740279999998,0.0,2e-07
mp-1184591,Hg,53.991763371277756,12.338457222772911,0.010926082499999,0.010926082499999,0.0,0.0
mp-1057139,Mn,23.878792951430224,7.640819211480683,0.657519872068965,0.657519872068965,0.0,2.3374591000000002
mp-84,Sn,55.30019011735618,7.129183179217255,0.12017831000000001,0.12017831000000001,0.0,1e-07
mp-10617,Sr,111.04385967896607,2.620521898934893,0.258648878333334,0.258648878333334,0.0,2.6300000000000002e-05
mp-92,Si,29.899999100890987,3.119536545645218,0.28873980000000005,0.28873980000000005,0.0,0.0
mp-1180961,K,156.9184197793768,0.8274905480048621,0.07119881125000001,0.07119881125000001,0.0,1.18e-05
mp-78,Ge,37.04818897838597,6.511603461545447,0.22971913499999902,0.22971913499999902,0.0,3e-07
mp-3,Cs,250.3472162228278,1.7631088403846462,0.07448497000000001,0.07448497000000001,0.0,1.6e-06
mp-639736,Rb,192.16933776002458,1.477057916633758,0.07019465250000001,0.07019465250000001,0.0,0.0011829
mp-655141,S,894.4922654838493,1.071460728495098,0.357308728541666,0.357308728541666,0.8323,0.0028848
mp-608100,S,1105.4151880657635,0.8670166148934241,0.44014294409722204,0.44014294409722304,0.310899999999999,5.9960928
mp-128,Ge,173.07655475511845,5.575408314245142,0.1475858025,0.1475858025,0.0,4.9400000000000015e-05
mp-147,Se,178.72568178398964,4.401700865481822,0.023391177604165002,0.023391177604166,1.5329000000000002,0.0
mp-571520,Si,144.98047197598675,2.573426300486528,0.19694103500000001,0.19694103500000001,0.0,0.0
mp-7,S,152.79889506945906,2.090794644321832,0.0512361921875,0.051236192187499,2.1651,0.0
mp-2739215,O2,143.13933119733935,1.4848541519396161,0.012019398749999001,0.012019398749999001,2.6679999999999993,8.0000002
mp-1180050,O2,83.59733149131358,2.542437975503007,0.769024454999999,0.769024454999999,0.0,0.0
mp-1199894,Si,1873.1746578633101,2.041582038415872,0.128874325731708,0.128874325731707,0.998499999999999,0.0
mp-561203,F2,53.43199913502352,2.361700196685299,0.0023734074999990002,0.0023734074999990002,2.8962,0.0
mp-1087546,O2,141.3877802843624,1.503248935705488,0.017992666249999,0.017992666249999,0.0,8.0000001
mp-1067793,F2,46.78184221289158,2.6974218392729252,0.277234039999999,0.277234039999999,0.0,0.0005249
mp-1525391,Rb,190.9089351332578,1.486809621951858,0.014380673749998001,0.014380673749998001,0.0,6e-07
mp-1179656,Rb,722.1109726006154,1.572308148984186,0.0,0.0,0.0,0.0090151
mp-557376,S,552.1624687973816,1.928605736673433,0.026719425187499,0.026719425187501002,2.1627,0.0
mp-1077335,U,125.24354597893067,18.935409451040684,0.281440481666663,0.281440481666663,0.0,0.79005
mp-604325,K,156.25808135754153,0.8309874794774991,0.073541117,0.073541117,0.0,1.1400000000000003e-05
mp-557031,S,854.1055156784778,1.9948892690195832,0.0336984834375,0.0336984834375,2.0442,0.0
mp-1523415,F2,52.427414140083904,2.406953784317844,0.30951384749999905,0.30951384749999905,0.4797,0.0
mp-1183057,Ac,136.02668597010646,8.313273945401516,0.015585797500004002,0.015585797500008,0.0,0.0228007
mp-19,Te,108.19281571621227,5.875199295688813,0.0,0.0,0.18560000000000001,0.0
mp-567630,Pr,219.14820014374217,6.406148646103244,0.008282981666662,0.008282981666663001,0.0,0.0632023
mp-14,Se,87.4965105383371,4.495590643284683,0.001081077604167,0.001081077604167,0.8765000000000001,0.0
mp-567313,Te,108.6885636876877,5.848401461270641,0.000981610000001,0.0009816100000000002,0.5606,0.0
mp-555760,S,233.2140733904172,2.054793093048255,0.029379828298611,0.029379828298612003,2.2718,0.0
mp-1179917,Pr,109.98372407991906,6.382289549618559,0.035177221666666,0.035177221666668,0.0,5e-07
mp-2421172,O2,126.53331278793003,1.259792928545513,0.9162664466666661,0.9162664466666661,2.764199999999999,0.0
mp-1023923,O2,106.48195432381017,1.49702147831473,0.9644220599999991,0.96442206,2.3448,1.9200000000000003e-05
mp-1202745,Si,1367.625529316279,1.977844080420144,0.144239747241379,0.144239747241378,0.8932000000000001,3e-07
mp-990424,C,126.09476181343716,0.632674547562438,0.008908770000001,0.008908770000001,0.012399999999999,0.0
mp-1271142,Co,43.53825791953996,8.99079359563772,0.010144927499998001,0.010144927499998001,0.0,6.3527117
mp-1014111,Ni,68.35930211462892,2.8514826991109192,0.6202391299999991,0.6202391299999991,0.0,1.3472965000000001
mp-1120774,Cu,133.40886576231534,4.745739269569768,0.18032071500000002,0.18032071500000002,0.0,3e-07
mp-1238818,Ti,208.54801594917902,2.286812170497326,0.310307806666666,0.310307806666665,0.0,1.609970999999999
mp-11698,Tb,96.77094846376298,8.181228660176853,0.0034975233333320002,0.0034975233333330003,0.0,0.302855
mp-10658,Dy,94.85570019384065,8.534150223057072,0.011588688333337,0.011588688333336001,0.0,5.6800000000000005e-05
mp-1184764,K,230.91572591110918,0.8434798582662051,0.00803126625,0.00803126625,0.0,5e-07
mp-1094057,Si,125.36847831882837,3.3479997143102542,0.517749729999999,0.51774973,0.0,2e-07
mp-160,B,86.74916330018324,2.483309878652122,0.0,0.0,1.433399999999999,0.0
mp-1018122,Tm,91.99032559730634,9.148413821847239,0.006666056666659001,0.006666056666659001,0.0,1.6202419
mp-1184115,Er,92.66521360457801,8.99172708732831,0.0,0.0,0.0,0.000474
mp-104,Sb,62.881010949113254,6.430788363527963,0.0,0.0,0.0,0.0
mp-1018134,Li,61.205660097660434,0.5649380290750841,0.0,0.0,0.0,4.26e-05
mp-1183069,Ac,138.84105617575773,8.144760170385736,0.011821722500002001,0.011821722500002001,0.0,0.0009714999999990001
mp-1183542,Cd,21.93906692037408,8.508240468614689,0.024284360000002003,0.024284360000002003,0.0,0.0
mp-1187739,Y,100.68328614538838,4.3988920949927195,0.042620386666664005,0.042620386666666,0.0,0.3179281
mp-1187812,Zn,43.333342568079175,7.519442999574767,0.007402094999998001,0.007402094999999001,0.0,0.0
mp-130,P,32.28745931432384,3.185951631552069,0.11263016202381002,0.11263016202381002,0.0,7e-07
mp-10659,Ho,93.2695587710775,8.809087656317923,0.015270595000004002,0.015270595000004002,0.0,0.0006709999999990001
mp-1104251,B,117.09666876429608,2.299649687534881,0.21466703350000002,0.21466703350000002,0.0,0.0005542
mp-1178932,Te,62.292376095701755,6.802912272045447,0.05409545333333501,0.05409545333333501,0.0,3e-07
mp-1187073,Sr,171.40012946985928,2.546610089482066,0.002934636666665,0.0029346366666670003,0.0,0.012476899999999002
mp-161,B,811.6343108154776,2.322436593707364,0.019747466261904,0.019747466261904,0.0,1e-07
mp-1055932,Sc,24.35331188221973,3.065334543066161,0.052474915000001,0.052474915000001,0.0,0.0115027
mp-1186440,Pm,104.34112668711941,6.922816696593807,0.007940435833333,0.007940435833337001,0.0,6e-07
mp-1094122,Mg,202.98343202608993,1.7894791436807,0.003384133333333,0.003384133333333,0.0,1e-07
mp-1184569,Hg,55.57240581133309,11.987515260725537,0.024823714999996003,0.024823714999996003,0.0,0.0
mp-121,Hg,26.41264608436265,12.610911088022158,0.016982612499994002,0.016982612499994002,0.0,1e-07
mp-1057273,Pb,64.83532329528533,10.613464300394392,0.067816855000003,0.067816855000003,0.0,1.3e-06
mp-11,As,45.22928128494773,5.50131420167325,0.011004127499999001,0.011004127499999001,0.0,0.0
mp-1187769,Xe,196.9749745508766,3.320480017853266,0.00214107,0.00214107,6.2294,8.010000000000002e-05
mp-1228790,B,820.1293109260697,2.298380510285459,0.190684579500001,0.1906845795,0.0,1.3e-06
mp-1184502,In,79.25809169053682,7.21666786881432,0.007490013333333,0.0074900133333350005,0.0,1e-07
mp-569567,C,79.04177668450909,3.532553594355206,0.117805412142857,0.117805412142857,4.4229,0.0
mp-2739273,Nb,128.3315983128445,8.415095961417682,0.011771527142859001,0.011771527142858,0.0,7.699999999999999e-06
mp-972364,Yb,89.12784521366409,9.6717141336346,0.0007620549999950001,0.0007620549999950001,0.0,0.0097687
mp-972256,Xe,85.78650724921306,2.541392145011402,0.0,0.0,6.1673,0.0
mp-169,C,18.305440952101463,2.179050113817426,0.0007906250000000001,0.0007906250000000001,0.094599999999999,0.0
mp-541848,B,925.9557680028216,2.093864042636918,0.7090749072222221,0.7090749072222221,0.0,0.0
mp-86,Sm,101.92044132891179,7.349222122622901,0.004673933333331001,0.004673933333329001,0.0,1.76e-05
mp-611219,Hg,85.83374044323989,3.880613027572274,0.228486112499993,0.228486112499993,1.761099999999999,0.0
mp-569517,C,56.46924149883774,3.531876126844723,0.12029307100000002,0.12029307100000002,4.5686,0.0
mp-610917,O2,36.26894452748959,1.4650345702308512,0.012108549999999002,0.012108549999999002,1.3227,2.0
mp-973198,Na,111.15610957684375,1.030318807132385,0.0047273466666660005,0.0047273466666660005,0.0,3e-07
mp-680372,C,601.9438089199996,1.98798322695879,0.40914998149999804,0.40914998149999804,0.7159,0.0
mp-2629196,Hg,95.13840631709425,10.503251344965367,0.0008525383333330001,0.0008525383333330001,0.40890000000000004,0.0
mp-867126,Rb,283.05749233269677,1.504174501795672,0.024408722499999,0.024408722499999,0.0,1.1200000000000001e-05
mp-2516584,C,37.48177786494673,2.128419486070265,0.0023171524999990004,0.0023171524999990004,1.4276,0.0
mp-569416,C,95.27008968843575,1.6747532544832562,0.00210089125,0.00210089125,0.10560000000000001,0.0
mp-569304,C,57.80634416732178,1.380072508121142,0.009060210000001,0.009060210000001,0.0148,0.0
mp-23152,Bi,73.1719777495792,9.485055058267159,0.0,0.0,0.0,1e-07
mp-569007,Ga,400.28880236733096,6.363182838061868,0.08874567863636201,0.08874567863636201,0.0,1e-07
mp-570087,Gd,102.69626223207086,7.6279242071958855,0.028687346666676,0.028687346666671002,0.0,23.918869
mp-972351,Tl,90.55096031684234,11.244048203015106,0.008828969999996,0.008828969999996,0.0,1e-07
mp-981544,Pr,110.13740314118233,6.373384089359626,0.022790668333333,0.022790668333335002,0.0,6.599999999999999e-06
mp-974788,Nd,107.10960369630521,6.708627455768828,0.010861629166669001,0.010861629166669001,0.0,0.000245999999999
mp-975590,Kr,141.71468334419296,2.945704342400072,0.0,0.0,7.174799999999999,1.7e-06
mp-973571,Lu,89.06653365323558,9.786151777174757,4.736951571734001e-15,0.0,0.0,1.6421141000000001
mp-989737,Ag,54.15478637716398,9.922633184978451,0.010381675000004,0.010381675000001,0.0,0.0
mp-979286,Xe,96.06897450838923,2.269381522877351,0.006007709999999,0.006007709999999,6.1713000000000005,0.0
mp-982872,Hg,31.515595321493592,10.568974755876773,0.020471135000001,0.020471135000001,0.0,7.49e-05
mp-975065,Re,44.43258012896774,20.876842875896905,0.011058360833336,0.011058360833338,0.0,4.8400000000000004e-05
mp-568584,N2,370.79685632138734,1.0036189759487,0.0016779218750000002,0.0016779218750000002,6.9553,0.0
mp-1077457,Eu,265.1629337239829,5.709896670086036,0.08845976166666401,0.088459761666662,0.0,47.9910703
mp-1268191,Si,97.67866774258873,2.864723958637294,0.36004447499999903,0.36004447500000003,0.0,0.0
mp-582819,Pu,174.90623391594386,18.532056779410922,0.0,0.0,0.0,18.4232833
mp-601273,Sc,149.1583404005527,3.002891341516499,0.127706965000001,0.127706965000001,0.0,0.003424
mp-1247808,Se,105.50836142676572,4.970835028643483,0.147542163437499,0.147542163437499,0.0,2e-07
mp-1064307,Te,141.04455128607307,6.009017235083557,0.09580174749999701,0.09580174749999701,0.0,1e-07
mp-2018526,Sc,150.07969205343008,2.984456342996296,0.17160951833333302,0.17160951833333302,0.0,0.0003603
mp-1095086,Ta,176.40398548089271,13.626495929299487,1.329314316249998,1.329314316249998,0.0,0.0
mp-669382,Co,518.2483778753971,8.686182789108294,0.11766239086956701,0.11766239086956701,0.0,76.6796185
mp-1067619,Ge,156.1916750206266,3.089064965386785,0.476145725,0.476145725,0.0,6.4e-06
mp-555915,S,1965.586216616651,1.950386762598011,0.013625012604167002,0.013625012604167002,2.574799999999999,0.0
mp-730101,H2,371.81239953751634,0.03601222016714,0.0,0.0,9.7197,0.0
mp-1182684,C,1477.9733965207647,1.079545092869862,1.529662770124999,1.529662770124998,0.26069999999999904,0.0002231
mp-1056418,Sr,462.2428501904091,0.314761889676732,1.399728133333333,1.399728133333333,0.371899999999999,1.1e-06
mp-1076920,U,56.552424949155096,20.967605070370404,0.385251289999999,0.385251289999999,0.0,0.00022439999999900002
mp-1246134,Ni,11.645268105377864,8.369294959089133,0.409910799999999,0.409910799999999,0.0,0.457778099999999
mp-568806,C,76.46980442737497,2.086495368405856,0.011936282499998,0.011936282499998,0.0,0.0
mp-1008283,Ba,165.70971951706846,2.752244697095029,0.727831655,0.727831655,0.0,1.1193396
mp-754382,He,18.66730692461352,0.356049054954342,0.0035665899999990005,0.0035665899999990005,16.586399999999998,0.0
mp-1056004,Mo,16.55880895475236,9.620988954273885,0.870806519999998,0.870806519999998,0.0,1e-07
mp-1056376,Zr,23.60958923376473,6.416080106759383,0.361779639999998,0.361779639999998,0.0,0.0
mp-1096950,Fe,12.82453751056623,7.230888772981805,0.47669942000000104,0.47669942000000104,0.0,2.3952592
mp-1040425,C,93.59765350418738,0.426169585419898,0.01760497,0.01760497,0.0001,0.0
mp-2049878,C,38.11517595100074,1.046524702953852,0.012914430000000001,0.012914430000000001,1.621,0.0
mp-19858,Sr,330.0520197367688,2.6449727494144453,0.23638998333333303,0.23638998333333303,0.0,8.750000000000004e-05
mp-72,Ti,51.05915967771039,4.670172247408194,0.0,0.0,0.0,7.360000000000001e-05
mp-1977495,Sc,70.48815064594508,3.177174353414226,0.065322404999998,0.065322404999998,0.0,0.0418928
mp-34,Si,14.667926068037133,3.1795272036870372,0.30530073,0.30530073,0.0,0.0
mp-605790,Ba,63.01500555783136,3.618770582979633,0.17547373,0.17547373,0.0,0.074935099999999
mp-1055985,B,9.124851294870863,1.9673841544249142,0.7073052808333341,0.7073052808333341,0.0,1e-07
mp-10861,Hg,82.43651941119958,12.121600975454635,0.002960459166663,0.0029604591666580003,0.0,1e-07
mp-990448,C,44.527298939160254,0.895820634542786,0.013120765000000001,0.013120765000000001,9.999999999998901e-05,0.0
mp-1094136,Ni,142.34686072797308,2.738737845096086,0.7398515400000001,0.7398515400000001,0.0,2.8764843
mp-1009460,Hf,65.81631558743366,13.509854601494458,0.032178136666658,0.032178136666665004,0.0,1e-06
mp-1063005,Li,61.27228985134278,0.5643236945722541,0.015670883333333,0.015670883333333,0.0,1.86e-05
mp-1178608,Zr,56.04331444558559,2.7029275000963153,1.8015615899999982,1.8015615899999982,0.0,0.051356099999999
mp-1196961,Si,926.9934990971336,2.012401165721983,0.11045900649999901,0.11045900649999901,1.1285,3e-07
mp-1055956,Mg,24.534643906929844,1.6449964453045691,0.23651014,0.23651014,0.0,0.0
mp-754417,H2,6.926147766835766,0.24165290800485903,0.37902499500000003,0.37902499500000003,0.0,0.00014429999999900002
mp-11832,Cs,248.43025518532286,1.776713507615603,0.019877785000002,0.019877785000002,0.0,1.4200000000000001e-05
mp-1183484,Ca,174.55953806335285,1.525005978877473,0.008999964999999001,0.008999964999999001,0.0,0.140317
mp-10257,Ni,21.137589751186848,9.221740491591103,0.04583529000000101,0.04583529000000101,0.0,1.513000299999999
mp-1008634,Au,35.30141737751474,18.530172833626356,0.0021085050000020002,0.0021085050000020002,0.0,0.0
mp-1184554,Hg,56.95303685584097,11.696919067280017,0.005991672499995,0.005991672499995,0.23969999999999902,0.0
mp-1059256,Pr,74.09151755943236,6.316044408730344,0.045817938333335,0.045817938333335,0.0,3e-07
mp-1091415,Ge,182.58844844333856,5.284958991707766,0.006874353749999,0.006874353749999,0.0,0.0
mp-10172,Na,73.87639201807406,1.033494165918581,0.0,0.0,0.0,5e-07
mp-10649,Si,27.728754656287357,3.363805589763085,0.512949795,0.512949795,0.0,0.0
mp-1066100,O2,40.85692670689567,2.601040354295142,0.125710257499999,0.125710257499999,0.0,0.0
mp-103,Hf,44.52724349481806,13.312731475593225,0.0,0.0,0.0,0.0
mp-112,Y,67.55562608311241,4.370668906025714,0.0,0.0,0.0,1.3261023
mp-1183591,Cd,86.4220349760752,8.63959554144948,0.022316200000002003,0.022316200000002003,0.0,2e-07
mp-1184067,Dy,127.01013454978661,8.498143845890551,0.0022356624999980003,0.0022356624999980003,0.0,0.0010452
mp-1061298,N2,13.446433372544645,3.459456040459332,3.6303175850000002,3.6303175850000002,0.0,1.2e-06
mp-1187717,Y,136.09540898160526,4.339062964107292,0.043754524999997005,0.043754524999997005,0.0,2.3122796
mp-1008733,Ge,36.50683000577317,6.608163884881212,0.33113761499999905,0.33113761499999905,0.0,2e-07
mp-1066523,Mo,63.016002160781255,10.112486516877373,0.44212645999999706,0.44212645999999706,0.0,0.0059016
mp-1120747,Si,95.33915194426095,2.935021069765347,0.453742336666665,0.453742336666666,0.0,0.0
mp-1184113,Er,124.04228751792397,8.956303831475736,0.022770859166669002,0.022770859166669002,0.0,0.0005152
mp-1184511,In,105.83133600756192,7.206174720699193,0.004732852500001001,0.004732852500001001,0.0,7e-07
mp-1184755,K,153.79487059057647,0.8442967484979941,0.008696316249999001,0.008696316249999001,0.0,5.22e-05
mp-1186427,Pd,60.266094791546784,11.72895427047706,0.015005062500001002,0.015005062500001002,0.0,1.6115435
mp-1186444,Pb,123.65474148686283,11.129818087439,0.018983265000002,0.018983265000002,0.0,2e-07
mp-1007760,Ge,91.33347443716129,5.282687800552834,0.016676869999999,0.016676869999999,0.0,0.0
mp-1183710,Co,42.7539001077957,9.155737593091484,0.010616019999998,0.010616019999998,0.0,7.1299128
mp-1184709,Hg,113.50762188782835,11.73797938251093,0.010308889999997,0.010308889999997,0.25670000000000004,0.0
mp-10173,Li,40.20915440845307,0.573292417154018,0.005987748333333,0.005987748333333,0.0,0.0029984
mp-113,Tc,28.503381002021815,11.418493021249441,0.0,0.0,0.0,5e-07
mp-1183144,Al,63.58168668601001,2.818666903640435,0.0104807275,0.0104807275,0.0,1e-07
mp-1184367,Eu,175.40225406922127,5.754593293133332,0.012353204999996,0.012353204999996,0.0,32.2952826
mp-1186367,Pa,49.506312741226665,15.498795336734005,0.008681945000006,0.008681945000006,0.0,2.9e-05
mp-1186901,Re,59.243130605479955,20.87695196484333,0.0,0.0,0.0,9.499999999999994e-06
mp-1186916,Rh,55.20593724864403,12.381175752773109,0.021952465000001,0.021952465000001,0.0,0.0027886
mp-10597,Ag,34.77213082803506,10.302466709886353,0.007668675000001001,0.007668675000001001,0.0,1e-06
mp-2646990,W,33.22780335131674,18.374582200098803,0.496044660000002,0.496044660000002,0.0,7.9e-06
mp-1203790,Si,1579.409195104524,2.00791585028713,0.08439319661764601,0.08439319661764601,1.359999999999999,0.0
mp-2647022,Pt,31.629123510982563,20.483944372098154,0.069093715000001,0.069093715000001,0.0,1e-05
mp-155,Gd,67.79110270704972,7.703658969857579,0.0,0.0,0.0,15.8962807
mp-19981,Gd,136.32009636203404,7.661959613918624,0.041147265000006004,0.041147265000006004,0.0,15.7970823
mp-143,Tm,60.39799572484888,9.289111402575776,0.0,0.0,0.0,3.21e-05
mp-1187761,Xe,259.74107373447066,3.35745367548591,0.0014944974999990001,0.0014944974999990001,6.179399999999999,6e-06
mp-1187875,Yb,120.83374254803681,9.511902024229155,0.0,0.0,0.0,1.974582799999999
mp-132,Ca,174.2736112022339,1.527508022472714,0.005909895,0.005909895,0.0,0.0027074
mp-136,Fe,19.71414254179415,9.40774412148467,0.09780592,0.09780592,0.0,2.3e-05
mp-145,Lu,58.3740088839054,9.954414453310173,0.0007369333333350001,0.0007369333333350001,0.0,0.0002409
mp-2646997,Pd,31.06288454654526,11.377859464582517,0.022572985,0.022572985,0.0,0.6781524
mp-2647032,Ir,29.254245339553524,21.821368766132288,0.062916919999999,0.062916919999999,0.0,2.299999999999998e-06
mp-23907,H2,83.73582204581426,0.039976289913568004,2.33081424625,2.33081424625,7.4848,2.0
mp-165,Si,80.50275361604727,2.317290669455944,0.013606870000000002,0.013606870000000002,0.438899999999999,0.0
mp-153,Mg,44.79899633535127,1.8017993845931342,0.0,0.0,0.0,0.0
mp-144,Ho,62.7292955117729,8.731908668588169,0.0,0.0,0.0,2.499999999999999e-06
mp-20736,Ce,50.84182749700175,9.152625045566921,0.10881668000000001,0.10881668000000001,0.0,0.458239499999999
mp-23156,He,32.36124769737062,0.41076765959127803,0.001509584999999,0.001509584999999,17.7675,0.0
mp-2647025,Mn,21.508232358781772,8.48296302953795,0.052632352068965,0.052632352068965,0.0,2.01e-05
mp-2647074,V,27.74339075669576,6.098054243120108,0.253784719999998,0.253784719999998,0.0,1.6e-06
mp-123,Nd,141.84503754978965,6.754398467001494,0.0,0.0,0.0,0.000119499999999
mp-26,La,150.28863578550227,6.139065892610489,0.0,0.0,0.0,0.0005986
mp-2646993,Rh,28.603744368343506,11.947988397429672,0.059014695000001005,0.059014695000001005,0.0,7.099999999999996e-06
mp-2647103,Nb,37.87268838521344,8.147014648509508,0.30251795999999903,0.30251795999999903,0.0,2.1000000000000002e-05
mp-12103,N2,74.5432381837131,0.624031720202987,4.68725978125,4.68725978125,0.963499999999999,6.0000001
mp-131,Zr,46.99931887465835,6.446094089810128,0.0,0.0,0.0,1.3e-06
mp-18,Tb,65.42556819799493,8.067236085728515,0.0,0.0,0.0,0.0001
mp-21462,Eu,88.12607338472408,5.726844485971249,0.0,0.0,0.0,16.0993557
mp-2647008,Al,33.338791331960074,2.687793839839777,0.032078225,0.032078225,0.0,8e-07
mp-139,Sr,112.86603919480832,2.578214563981698,0.0,0.0,0.0,0.0688787
mp-20372,Ce,103.68141349817512,8.976270056727989,0.074905172500002,0.074905172500002,0.0,0.0036514
mp-2647013,Mo,32.35171019963418,9.848760208751216,0.42917852499999704,0.42917852499999704,0.0,1.23e-05
mp-2647044,Ta,37.63704377251053,15.966770694031384,0.285147450000003,0.285147450000003,0.0,0.00020769999999900002
mp-24504,H2,64.45057247740581,0.10387642404349301,0.0024403937500000004,0.0024403937500000004,8.0699,0.0
mp-20745,Pb,62.59646295191276,10.993071441235687,0.020497490000003,0.020497490000003,0.0,2.9500000000000006e-05
mp-54,Co,21.280274859645473,9.197331638101419,0.025098924999999002,0.025098924999999002,0.0,3.5540389
mp-604318,K,309.14322474135633,0.8400540512180451,0.008703191249999001,0.008703191249999001,0.0,1.3900000000000002e-05
mp-48,C,41.13742607024477,1.9392789972830462,0.003121854999999,0.003121854999999,0.0,0.0
mp-33,Ru,27.10235367049707,12.384952650363955,0.0,0.0,0.0,7e-07
mp-80,Sb,53.308285474399725,7.58558392752333,0.290331829999999,0.290331829999999,0.0,0.0
mp-611426,C,45.17864359053767,3.531622024925885,0.12258669875000001,0.12258669875000001,4.521799999999999,0.0
mp-38,Pr,146.18314129513513,6.402452582008818,0.014565703333335001,0.014565703333335001,0.0,2.03e-05
mp-68,Sm,68.70530734572975,7.268103839418871,0.019146124999998,0.019146124999998,0.0,8e-07
mp-567365,Kr,100.56763577770482,2.76728893200839,0.007380098333332001,0.007380098333332001,7.1771,0.0
mp-568145,Ar,91.16311137140956,1.455308263060024,0.0034449549999990003,0.0034449549999990003,8.489799999999999,0.0
mp-49,Os,28.254800538527018,22.35969397190341,0.0,0.0,0.0,1e-07
mp-8,Re,29.626578921964693,20.873419019375678,0.003587022499999,0.003587022499999,0.0,4.4e-06
mp-46,Ti,34.63870098804746,4.589376693333247,0.015169603333333,0.015169603333333,0.0,3e-07
mp-606949,C,154.09220450590703,1.55316642985502,0.006065369166667001,0.006065369166668001,0.0,0.0
mp-67,Sc,50.02447391787033,2.984581038201143,0.0,0.0,0.0,1.3816147
mp-616440,C,90.31992538153075,3.53308291800795,0.11723812312500001,0.11723812312500001,4.3668,0.0
mp-82,Tl,59.81227665924512,11.34838776140012,0.0,0.0,0.0,0.0
mp-47,C,22.62486466492122,3.526073970466666,0.139477217500001,0.139477217500001,3.3394999999999992,0.0
mp-56,Ba,135.36181845817492,3.369293512696694,0.015972544999999002,0.015972544999999002,0.0,0.0329383
mp-570752,H2,89.11695417735768,0.037562409186387,2.33490076125,2.33490076125,6.6358999999999995,2.0
mp-604321,Rb,378.63976842865156,1.499289115090386,0.0022357275,0.0022357275,0.0,3.1e-06
mp-862690,Ac,184.54540076862065,8.17018178829182,0.0,0.0,0.0,0.0001065
mp-79,Zn,28.845108913918352,7.5308573201351905,0.0,0.0,0.0,0.0
mp-571249,Tb,195.06535441059802,8.11733338743234,0.0015717250000000002,0.0015717250000010002,0.0,0.420649499999999
mp-672233,N2,105.36502205560635,0.882975094500222,0.011450806249999002,0.011450806249999002,6.5645,0.0
mp-8566,Ag,69.45695019121693,10.315417515494216,0.0,0.0,0.0,1.2e-05
mp-570510,Xe,132.01128983478458,3.30300773432284,0.000157779999999,0.000157779999999,6.1917,1e-06
mp-611448,C,67.75152593944757,3.53247894895872,0.11882863916666701,0.11882863916666601,4.399799999999999,0.0
mp-639727,Cs,496.91339759614056,1.776524409377617,0.0198479075,0.0198479075,0.0,0.00041089999999900005
mp-69,Sm,135.20776948932632,7.386517949286526,0.0,0.0,0.0,2.36e-05
mp-94,Cd,44.61503857901331,8.367710214348122,0.0,0.0,0.0,3e-07
mp-973364,Mg,90.18811805782043,1.790009721140348,0.008570822499999001,0.008570822499999001,0.0,9e-07
mp-867202,Sr,227.26608092676133,2.560812109262879,0.026955652499999,0.026955652499999,0.0,0.9426983
mp-973986,Ho,124.1921671015276,8.820950500137318,0.024432154999999,0.024432154999999,0.0,0.0007216
mp-867351,Tc,56.99167191501326,11.421516376601083,0.004149037499999,0.004149037499999,0.0,7e-07
mp-88,Dy,64.00862348033375,8.431288899859123,0.0,0.0,0.0,6e-06
mp-975129,Rb,189.28163212073508,1.499592107762773,0.010023252500000001,0.010023252500000001,0.0,3.03e-05
mp-997182,C,62.909135227599734,1.268129757175706,0.014401535000001001,0.014401535000001001,9.999999999998901e-05,0.0
mp-867200,Pm,138.0936421538299,6.974344680945825,0.0,0.0,0.0,0.0001283
mp-973111,In,53.080202042435886,7.183837559489789,0.007146905000002,0.007146905000002,0.0,1e-07
mp-999501,Na,159.6107504012361,0.956712752215747,0.12396916094827501,0.12396916094827501,0.0,5.3e-05
mp-89,Cr,23.175332656419794,7.451159958812742,0.420340105000001,0.420340105000001,0.0,1e-07
mp-982370,Na,148.671835314138,1.02710536919743,0.011212930000000001,0.011212930000000001,0.0,6e-07
mp-989695,Cu,45.825717972586844,9.210602272661523,0.007716539999998001,0.007716539999998001,0.0,0.0
mp-87,Be,31.796370288803224,1.882614921185406,0.0,0.0,0.0,1e-07
mp-976411,Li,81.46327565480371,0.5659385321116011,0.005889090833333,0.005889090833333,0.0,0.0013356
mp-972373,Tl,120.10531668134401,11.302961886727026,0.008595309999996,0.008595309999996,0.0,2e-07
mp-976347,Kr,198.11072843602423,2.8095369453529093,0.007857695833331001,0.007857695833331001,7.1523,0.0
mp-989782,Cu,22.871270635686635,9.227350522582427,0.012339934999999,0.012339934999999,0.0,0.0
mp-971769,Tm,120.20982448326738,9.3344069537097,0.029578992499999002,0.029578992499999002,0.0,0.0002722
mp-99,Er,61.41416550066411,9.044822199446672,0.012441721666668001,0.012441721666668001,0.0,4.2e-06
mp-154,N2,196.64003730440479,0.9462436193759101,0.0,0.0,7.340999999999999,0.0
mp-672234,N2,176.12535060558986,0.5282299793111911,4.68820494375,4.68820494375,2.9912,12.0000001
mp-999498,N2,27.01043750534384,3.444397755058973,1.468056788749999,1.468056788749999,3.959399999999999,0.0
mp-118,P,689.6326217839045,1.7899318639837911,0.15639465327380903,0.156394653273808,3.6113,0.0
mp-1179613,Sb,482.81960041414527,5.862689319284094,0.333293312142858,0.33329331214286,0.0,0.0009572
mp-1236935,Sb,463.87494504433084,6.102121584123306,0.267894794285715,0.267894794285716,0.0,0.0011332
mp-1104795,Sb,477.0243512659981,5.933913660752748,0.33372651857142605,0.33372651857142804,0.0,0.0025543
mp-1055423,Pu,71.56280917449243,22.647044571012607,0.089198675000005,0.089198675000005,0.0,0.0014306
mp-1949616,Rb,761.400182184665,1.491175065696892,0.016102911249999,0.016102911249999,0.0,0.000330799999999
mp-1198724,P,1005.506016560507,2.148363034856064,0.002171018690476,0.002171018690477,1.9259,0.0
mp-561513,S,798.5715364141056,1.866915008707064,0.018545667901786002,0.018545667901785003,2.4646,0.0
mp-1179618,Sb,483.71737097973164,5.851808275472559,0.234567614999999,0.234567614999999,0.0,0.00063
mp-569688,Rb,2501.5016373481935,1.475109225056093,0.06207170826923,0.06207170826923,0.0,0.0026952
mp-1196985,B,387.887015614044,2.221523748064862,0.214575271249999,0.214575271249999,0.0,0.7147173
mp-667273,C,724.2407276528025,1.652287906512648,0.39067633833333204,0.39067633833333304,1.0093,2e-07
mp-1199937,K,6235.984386265815,0.8433094593985121,0.049798189098765,0.049798189098765,0.0,4.5691797
mp-1196583,C,2921.5700683338546,1.638371379382439,0.3850360855,0.385036085500001,1.3517000000000001,0.0
mp-25,N2,171.92762867243763,1.08225409755194,0.0017828199999980001,0.0017828199999980001,7.3685,0.0
mp-1201492,Si,5494.177180471114,1.9693213149399922,0.121153145431034,0.121153145431033,1.010699999999999,0.0022583
mp-168,Si,147.41491670461855,2.53092813115747,0.160020518749998,0.160020518749998,0.0,4.08e-05
mp-1080106,Ge,169.18353965503448,5.703701816087856,0.165288171249999,0.165288171249999,0.0,0.0
mp-24,C,44.317265955971735,3.600264802416577,0.8349742562499991,0.8349742562499991,2.407,0.0
mp-1184905,K,1495.2831268391355,0.868387443452124,0.02097077575,0.02097077575,0.0,3.1100000000000004e-05
mp-1184766,Hg,575.0079587715118,11.585492906252153,0.006726136999998001,0.006726137000001,0.7609,1e-07
mp-1186055,Na,762.8573216405483,1.000853213096242,0.0263165645,0.0263165645,0.0,6.790000000000001e-05
mp-542909,Mn,301.51298940187866,6.051266324949936,0.039890561017242004,0.039890561017243004,0.0,14.5826511
mp-1183897,Cs,2523.9202881407796,1.748824604969198,0.013120229,0.013120229000001002,0.0,1.0147623
mp-1186853,Rb,1944.8291077620252,1.459486802927072,0.007491580499999001,0.007491580499999001,0.0,1.0547643
mp-604313,Li,88.38517740611074,0.521616949788403,0.26179874416666604,0.26179874416666604,0.0,1.9100000000000003e-05
mp-1018088,C,34.66149298647901,2.301601561462735,1.306076984999999,1.306076984999999,0.0,0.0014552
mp-1221597,Na,423.7056885899896,0.540593309501279,0.410783303448275,0.410783303448275,0.0,0.0021229
mp-1191484,Mn,346.6375560786206,5.789877363368063,0.8065849943416921,0.8065849943416921,0.0,25.9884061
mp-1184151,Cs,3582.0095963617064,1.786747350643323,0.012575198275859002,0.012575198275861002,0.13620000000000002,0.3659383
mp-1184693,In,777.4832487318267,7.111578893739767,0.010102724827588,0.010102724827589001,0.0,2.2e-06
mp-971661,Si,507.626854956001,2.113073015134004,0.10747738456521701,0.10747738456521601,1.372199999999999,0.0
mp-1080711,N2,137.1559285672443,1.695783246091223,1.91422121425,1.914221214249999,0.0,6.0
mp-1192619,C,360.09188831902077,1.606209081679817,1.920290190431034,1.920290190431034,0.066799999999999,2.0228029
mp-864900,Hg,823.2060329738695,11.73404715562397,0.007341734224139001,0.007341734224141001,0.506099999999999,0.0
mp-1186081,Na,1099.7330591995158,1.006686925441565,0.019195485172413002,0.019195485172413002,0.0,0.0
mp-1186899,Rb,2772.408624748723,1.4845416247496122,0.039105244913793004,0.039105244913793004,0.0,0.0757714
mp-1185201,K,2241.2812281898473,0.8400567315518841,0.016292821077587002,0.016292821077587002,0.0,5.099999999999999e-06
mp-1200830,Si,959.8719531108837,1.9920572342568272,0.14326103524390202,0.14326103524390102,1.073499999999999,2e-07
mp-1187790,Tl,880.8313359166843,11.173770472034107,0.011458308620690002,0.011458308620689,0.0,2e-07
mp-35,Mn,377.65780883545983,7.005220776836564,0.0,0.0,0.0,3.8883424
mp-567772,Na,303.3952388071747,1.006618567252059,0.020555261249999002,0.020555261249999002,0.0,0.5251981
mp-1525464,Na,300.7756208829742,1.015385754013623,0.014505351249999,0.014505351249999,0.0,0.49420699999999906
mp-567337,Li,161.75350839454015,0.570042740991187,0.008819463333333001,0.008819463333333001,0.0,0.0012269
mp-569423,Ga,107.18238981590072,6.481163493709071,0.100168061666667,0.100168061666666,0.0,2e-07
mp-10654,Te,129.5363194653305,6.542868772950413,0.046551583333332,0.046551583333332,0.0,2e-07
mp-10869,S,17.144542628701455,3.105663790399559,0.626441426875,0.626441426875,0.0,2e-07
mp-639747,Ba,120.26219359436928,3.79232810550788,0.296068739999999,0.296068739999999,0.0,1.4e-06
mp-567597,Bi,137.30952847486012,10.10913438252946,0.049545179999995005,0.049545179999995005,0.0,0.0
mp-10683,Ca,42.459470160846514,1.567402620712517,0.399613499999999,0.399613499999999,0.0,0.0
mp-1062055,Br,97.18628820020238,4.095754124417628,0.600182258333333,0.600182258333333,0.0,0.994145699999999
mp-1188817,C,139.28259963239,2.86385185912906,0.765223488999998,0.765223488999998,0.0,5.8e-05
mp-1008681,Sc,25.863941061865507,2.886298262591514,0.7194539350000001,0.7194539350000001,0.0,0.8532308
mp-1239193,Rh,33.02523894343128,10.348364365248235,0.792506420000002,0.792506420000002,0.0,0.0080942
